{
  "2022-11-04_Corn": {
    "date": "2022-11-04",
    "crop": "Corn",
    "operationName": "Harvest: Corn",
    "summary": {
      "AreaWorked": {
        "value": 77.78,
        "name": "Area Worked",
        "unit": "ac"
      },
      "TotalDryYield": {
        "value": 17758.8,
        "name": "Total Dry Yield",
        "unit": "bu"
      },
      "AverageDryYield": {
        "value": 228.32,
        "name": "Average Dry Yield",
        "unit": "bu/ac"
      },
      "AverageSpeed": {
        "value": 4.7,
        "name": "Average Speed",
        "unit": "mi/hr"
      },
      "AverageMoisture": {
        "value": 14.12,
        "name": "Average Moisture",
        "unit": "prcnt"
      },
      "WetWeight": {
        "value": 994504.0,
        "name": "Wet Weight",
        "unit": "lb"
      },
      "AverageWetWeight": {
        "value": 12786.1,
        "name": "Average Wet Weight",
        "unit": "lb/ac"
      }
    },
    "tilesets": {
      "DryYield": {
        "tilesetName": "Dry Yield",
        "resultName": "HarvestYieldResult",
        "legend": {
          "ranges": [
            {
              "low": 0.0,
              "high": 198.4,
              "pct": 6.0,
              "color": "#EC1F28"
            },
            {
              "low": 198.4,
              "high": 212.9,
              "pct": 12.0,
              "color": "#F58020"
            },
            {
              "low": 212.9,
              "high": 223.28,
              "pct": 21.0,
              "color": "#FDB915"
            },
            {
              "low": 223.28,
              "high": 232.65,
              "pct": 27.0,
              "color": "#FFF200"
            },
            {
              "low": 232.65,
              "high": 243.73,
              "pct": 20.0,
              "color": "#B2D239"
            },
            {
              "low": 243.73,
              "high": 259.88,
              "pct": 9.0,
              "color": "#71BF44"
            },
            {
              "low": 259.88,
              "high": 259.88,
              "pct": 6.0,
              "color": "#0BA74A"
            }
          ],
          "unit": "bu/ac",
          "type": "graduated"
        },
        "attribute": "BuPerAc"
      },
      "Moisture": {
        "tilesetName": "Moisture",
        "resultName": "HarvestMoistureResult",
        "legend": {
          "ranges": [
            {
              "low": 13.0,
              "high": 13.67,
              "pct": 9.0,
              "color": "#EC1F28"
            },
            {
              "low": 13.67,
              "high": 13.86,
              "pct": 13.0,
              "color": "#F58020"
            },
            {
              "low": 13.86,
              "high": 14.03,
              "pct": 20.0,
              "color": "#FDB915"
            },
            {
              "low": 14.03,
              "high": 14.18,
              "pct": 14.0,
              "color": "#FFF200"
            },
            {
              "low": 14.18,
              "high": 14.35,
              "pct": 19.0,
              "color": "#B2D239"
            },
            {
              "low": 14.35,
              "high": 14.56,
              "pct": 14.0,
              "color": "#71BF44"
            },
            {
              "low": 14.56,
              "high": 14.56,
              "pct": 11.0,
              "color": "#0BA74A"
            }
          ],
          "unit": "prcnt",
          "type": "graduated"
        },
        "attribute": "Moisture"
      },
      "HarvestSpeed": {
        "tilesetName": "Harvest Speed",
        "resultName": "HarvestSpeedResult",
        "legend": {
          "ranges": [
            {
              "low": 0.08,
              "high": 4.43,
              "pct": 9.0,
              "color": "#EC1F28"
            },
            {
              "low": 4.43,
              "high": 4.78,
              "pct": 7.0,
              "color": "#F58020"
            },
            {
              "low": 4.78,
              "high": 5.05,
              "pct": 15.0,
              "color": "#FDB915"
            },
            {
              "low": 5.05,
              "high": 5.25,
              "pct": 20.0,
              "color": "#FFF200"
            },
            {
              "low": 5.25,
              "high": 5.43,
              "pct": 24.0,
              "color": "#B2D239"
            },
            {
              "low": 5.43,
              "high": 5.64,
              "pct": 20.0,
              "color": "#71BF44"
            },
            {
              "low": 5.64,
              "high": 5.64,
              "pct": 5.0,
              "color": "#0BA74A"
            }
          ],
          "unit": "mi/hr",
          "type": "graduated"
        },
        "attribute": "Speed"
      },
      "WetWeight": {
        "tilesetName": "Wet Weight",
        "resultName": "HarvestWetMassResult",
        "legend": {
          "ranges": [
            {
              "low": 0.0,
              "high": 11110.16,
              "pct": 6.0,
              "color": "#EC1F28"
            },
            {
              "low": 11110.16,
              "high": 11921.63,
              "pct": 12.0,
              "color": "#F58020"
            },
            {
              "low": 11921.63,
              "high": 12502.44,
              "pct": 21.0,
              "color": "#FDB915"
            },
            {
              "low": 12502.44,
              "high": 13027.08,
              "pct": 27.0,
              "color": "#FFF200"
            },
            {
              "low": 13027.08,
              "high": 13647.6,
              "pct": 20.0,
              "color": "#B2D239"
            },
            {
              "low": 13647.6,
              "high": 14552.68,
              "pct": 9.0,
              "color": "#71BF44"
            },
            {
              "low": 14552.68,
              "high": 14552.68,
              "pct": 6.0,
              "color": "#0BA74A"
            }
          ],
          "unit": "lb/ac",
          "type": "graduated"
        },
        "attribute": "WetMass"
      }
    }
  }
}